<?xml version="1.0" encoding="UTF-8"?>
<project-private xmlns="http://www.netbeans.org/ns/project-private/1">
    <editor-bookmarks xmlns="http://www.netbeans.org/ns/editor-bookmarks/2" lastBookmarkId="0"/>
    <open-files xmlns="http://www.netbeans.org/ns/projectui-open-files/2">
        <group>
            <file>file:/C:/xampp/htdocs/CUBnB/model/cubnb_db.php</file>
            <file>file:/C:/xampp/htdocs/CUBnB/reservation/make_reservation.php</file>
            <file>file:/C:/xampp/htdocs/CUBnB/logon.php</file>
            <file>file:/C:/xampp/htdocs/CUBnB/view/header.php</file>
            <file>file:/C:/xampp/htdocs/CUBnB/index.php</file>
            <file>file:/C:/xampp/htdocs/CUBnB/admin.php</file>
            <file>file:/C:/xampp/htdocs/CUBnB/model/variables.php</file>
        </group>
    </open-files>
</project-private>
